customer_name,1st_question,2nd_question,3rd_question,4th_question,5th_question,6th_question,7th_question,8th_question,9th_question,10th_question,11th_question,12th_question,1st_question_T,2nd_question_T,3rd_question_T,4th_question_T,5th_question_T,6th_question_T,7th_question_T,8th_question_T,9th_question_T,10th_question_T,11th_question_T,12th_question_T,kmeans_3
Name_1,0.162,0.108,0.587,0.953,0.78,0.148,0.639,0.266,0.935,0.406,0.855,0.915,-1.1031728601726238,-1.4145144248518595,0.2015987438422342,1.5728489044556593,0.9288132383407812,-1.2041784346145317,0.572116708203797,-0.8941341858825558,1.5198488681270899,-0.3462806861064562,1.137741479699371,1.4078832323070447,2
Name_2,0.799,0.112,0.073,0.955,0.891,0.211,0.157,0.858,0.317,0.514,0.826,0.374,1.0045922342860494,-1.4007857282770895,-1.5406855185686705,1.5799013827287813,1.3227823593000572,-0.9889312048500771,-1.091259941632698,1.1204591573056135,-0.762528372125665,0.034171902126205404,1.0365284866014326,-0.4185905755781841,2
Name_3,0.218,0.172,0.34,0.908,0.814,0.511,0.797,0.27,0.598,0.958,0.492,0.031,-0.9178748298905428,-1.194855279655538,-0.6356468063824611,1.4141681433104134,1.049488464580559,0.03605560355208846,1.1173729544157602,-0.8805220686988519,0.2752515704488075,1.598254764860481,-0.12916598562999232,-1.5765952264185414,2
Name_4,0.644,0.736,0.574,0.723,0.769,0.023,0.966,0.234,0.395,0.949,0.38,0.947,0.49171375761243175,0.7408909373870457,0.15753318856725018,0.761813903046624,0.8897712533808529,-1.6312562714487673,1.700590078528556,-1.0030311233521867,-0.4744613418025017,1.5665503825077591,-0.5200575451806498,1.5159186516274277,1
Name_5,0.054,0.226,0.842,0.533,0.48,0.602,0.418,0.4,0.509,0.596,0.261,0.011,-1.460533347145209,-1.0095178758961416,1.0659615588515352,0.09182846710002968,-0.13596816965726188,0.3469682687674119,-0.19055183871293635,-0.43812826022847684,-0.05344029748403248,0.3230340524510039,-0.9353798272032234,-1.6441173634937811,2
Name_6,0.508,0.002,0.588,0.322,0.919,0.968,0.254,0.175,0.937,0.906,0.741,0.994,0.041704255498806075,-1.778324884083267,0.20498840194030987,-0.6522079907143463,1.4221619573798745,1.5974521750180537,-0.7565140183253537,-1.2038098518118183,1.52723520223794,1.4150738890447552,0.7398697137281659,1.6745956737542407,2
Name_7,0.601,0.72,0.269,0.387,0.628,0.911,0.505,0.059,0.78,0.429,0.353,0.971,0.34943134150297644,0.6859761510879652,-0.8763125313458351,-0.42300244683787985,0.3893239916217727,1.4027046814216424,0.10968419559365102,-1.59856125013923,0.9474079745361885,-0.2652583756495006,-0.6142903318580406,1.5969452161177151,0
Name_8,0.866,0.741,0.453,0.538,0.75,0.019,0.6,0.717,0.885,0.33,0.797,0.688,1.2262880919449677,0.7580518081055083,-0.25261544129990815,0.10945966278283481,0.8223350975409769,-1.644922762227463,0.4375281411008439,0.6406320265800528,1.3351905153558312,-0.6140065815294404,0.9353154935034949,0.641506976503076,1
Name_9,0.149,0.918,0.139,0.138,0.937,0.951,0.267,0.851,0.303,0.017,0.021,0.385,-1.1461884743452497,1.3655466315390852,-1.3169680840956748,-1.3010359918415746,1.4860488418597573,1.5393695892085977,-0.7116511626243693,1.0966379522341316,-0.8142327109016174,-1.7166145455740986,-1.7730045976689182,-0.38145340018680235,0
Name_10,0.416,0.322,0.19,0.443,0.794,0.326,0.617,0.975,0.298,0.953,0.883,0.034,-0.2627139371074702,-0.6800291581016593,-1.1440955210938146,-0.22553305519046252,0.97850303738069,-0.5960195949625803,0.4961949524021312,1.5186135849289508,-0.8326985461787433,1.580641219108969,1.2354643695870353,-1.5664669058572556,2
Name_11,0.102,0.011,0.902,0.038,0.554,0.355,0.092,0.649,0.702,0.704,0.115,0.585,-1.3017064640462823,-1.7474353167900343,1.269341044736077,-1.6536599054976773,0.12667791098225561,-0.4969375368170377,-1.31557422013762,0.40922603445708755,0.659340944213025,0.7034866406836655,-1.4449348959031878,0.29376797056559256,2
Name_12,0.073,0.093,0.85,0.901,0.048,0.69,0.606,0.781,0.65,0.461,0.212,0.405,-1.3976643725852171,-1.4659970370072475,1.0930788236361408,1.3894844693544863,-1.6692533971744437,0.6476310658987137,0.45823407450129827,0.8584259015193145,0.46729625733091645,-0.15253168283982296,-1.1063948845066363,-0.3139312631115628,2
Name_13,0.749,0.129,0.804,0.477,0.657,0.469,0.783,0.628,0.856,0.614,0.585,0.874,0.8391475643913339,-1.3424387678343164,0.9371545511246593,-0.10564092454738781,0.4922528610615836,-0.10744254962421483,1.0690591098147002,0.33776241924264233,1.2280886707485013,0.3864428171564476,0.19541361292546428,1.2694628513028037,2
Name_14,0.691,0.516,0.375,0.571,0.371,0.997,0.197,0.966,0.53,0.599,0.107,0.167,0.6472317473134639,-0.014187374225309562,-0.5170087729498121,0.2258255542893483,-0.5228387478965508,1.6965342331635964,-0.9532203856296695,1.4879863212656173,0.02411621067989615,0.3336021799019112,-1.4728557215853777,-1.117444694306913,0
Name_15,0.5,0.126,0.884,0.474,0.9,0.117,0.312,0.539,0.262,0.713,0.004,0.259,0.015233108315651606,-1.352735290265394,1.2083271989707143,-0.1162196419570709,1.3547258015399983,-1.3100937381494222,-0.5563566621209622,0.03489281190523185,-0.9656525601740493,0.7351910230363874,-1.8323363522435716,-0.8068428637608113,2
Name_16,0.519,0.509,0.029,0.751,0.722,0.631,0.5,0.234,0.121,0.536,0.906,0.724,0.07810208287564348,-0.03821259323115725,-1.6898304748840007,0.8605485988703327,0.7229554994611594,0.4460503269129546,0.09242925109327242,-1.0030311233521867,-1.4863891149889983,0.11167150343285877,1.3157367434233311,0.7630468232385073,0
Name_17,0.083,0.096,0.765,0.572,0.153,0.436,0.923,0.945,0.367,0.1,0.491,0.428,-1.364575438606274,-1.45570051457617,0.8049578852997072,0.22935179342590933,-1.2965799043751285,-0.22019109854845295,1.5521975558253005,1.416522706051172,-0.5778700193544065,-1.4242296860989978,-0.13265608884026606,-0.23628080547503744,2
Name_18,0.619,0.51,0.981,0.883,0.448,0.899,0.143,0.861,0.217,0.944,0.082,0.835,0.40899142266507404,-0.03478041908746472,1.5371240344840562,1.3260121648963878,-0.24954485317705305,1.361705209085556,-1.139573786233758,1.1306682451933914,-1.131845077668182,1.548936836756247,-1.5601083018422206,1.1377946840060864,0
Name_19,0.949,0.522,0.499,0.091,0.602,0.572,0.605,0.804,0.894,0.723,0.83,0.563,1.500926243970195,0.006405670636845602,-0.09669116878842644,-1.466769231259943,0.2970429362619422,0.24446958792719523,0.45478308560122255,0.9366955753256117,1.3684290188546577,0.7704181145394117,1.0504888994425277,0.21949361978282905,0
Name_20,0.885,0.74,0.382,0.571,0.882,0.573,0.054,0.081,0.503,0.787,0.462,0.554,1.2891570665049594,0.7546196339618158,-0.49328116626328217,0.2258255542893483,1.2908389170601158,0.24788621062186914,-1.446711798340497,-1.5236946056288585,-0.07559929981658352,0.9958715001587669,-0.23386908193820405,0.18910865809897162,0
Name_21,0.054,0.323,0.401,0.446,0.708,0.127,0.929,0.888,0.845,0.171,0.961,0.175,-1.460533347145209,-0.6765969839579667,-0.428877662399844,-0.21495433778077946,0.6732657004212507,-1.2759275112026833,1.5729034892257547,1.2225500361833923,1.1874638331388243,-1.1741173364275255,1.507692419988386,-1.0904358394768172,2
Name_22,0.761,0.149,0.692,0.877,0.578,0.456,0.565,0.178,0.251,0.589,0.683,0.652,0.8788542851660656,-1.273795284960466,0.5575128441401817,1.3048547300770217,0.21186042362209873,-0.1518586446549752,0.3167435295981938,-1.1936007639240405,-1.0062773977837263,0.29837508839888693,0.53744372753229,0.5199671297676451,2
Name_23,0.415,0.125,0.711,0.323,0.781,0.169,0.864,0.947,0.657,0.74,0.967,0.867,-0.2660228305053645,-1.3561674644090866,0.6219163480036198,-0.6486817515777853,0.9323625097007747,-1.13242935802638,1.348589210720833,1.423328764643024,0.49314842671889264,0.8303041700945529,1.5286330392500285,1.2458301033264698,2
Name_24,0.581,0.726,0.585,0.106,0.977,0.772,0.739,0.26,0.196,0.282,0.456,0.112,0.2832534735450903,0.7065691959501204,0.19481942764608282,-1.4138756442115274,1.628019696259496,0.9277941268619725,0.9172155982113686,-0.9145523616581115,-1.2094015858321105,-0.7830966207439568,-0.2548097011998464,-1.3031305712638217,0
Name_25,0.851,0.762,0.251,0.598,0.898,0.625,0.733,0.936,0.606,0.01,0.286,0.861,1.176654690976553,0.8301274651230514,-0.9373263771111976,0.32103401097649603,1.3476272588200116,0.4255505907449113,0.8965096648109142,1.3858954423878387,0.30479690689220884,-1.7412735096262157,-0.8481272469463803,1.2255734622038978,0
Name_26,0.114,0.242,0.737,0.863,0.683,0.048,0.787,0.558,0.994,0.269,0.637,0.651,-1.2619997432715506,-0.9546030895970612,0.7100474585535878,1.2554873821651673,0.5845339164214141,-1.5458407040819204,1.082863065415003,0.09955036852782517,1.7377457243971746,-0.8288918396978882,0.3768989798596983,0.5165910229138831,2
Name_27,0.765,0.417,0.375,0.02,0.17,0.397,0.074,0.864,0.923,0.41,0.948,0.792,0.8920898587576428,-0.3539726144508696,-0.5170087729498121,-1.7171322099557755,-1.2362422912552393,-0.3534393836407344,-1.3776920203389826,1.1408773330811692,1.4755308634619877,-0.3321898495052467,1.4623210782548275,0.9926220892943217,2
Name_28,0.563,0.204,0.087,0.059,0.412,0.004,0.493,0.868,0.622,0.758,0.556,0.851,0.2236933923829927,-1.0850257070573772,-1.4932303051956108,-1.5796088836298956,-0.3773186221368183,-1.6961721026475711,0.06827232879274239,1.154489450264873,0.3638875797790116,0.8937129347999966,0.09420061982752648,1.1918123936662781,2
Name_29,0.823,0.215,0.774,0.771,0.239,0.232,0.394,0.447,0.05,0.776,0.598,0.679,1.0840056758355123,-1.0472717914767595,0.8354648081823884,0.9310733816015533,-0.9913425674156897,-0.9171821282619255,-0.2733755723147534,-0.2781858833199567,-1.7486039759241851,0.9571216995054402,0.2407849546590228,0.6111220148192186,2
Name_30,0.716,0.729,0.674,0.582,0.595,0.82,0.872,0.598,0.676,0.424,0.434,0.553,0.7299540822608217,0.716865718381198,0.4964989983748195,0.2646141847915196,0.2721980367419879,1.0917920162063186,1.3761971219214388,0.23567154036486337,0.5633186007719709,-0.28287192140101275,-0.3315919718258685,0.18573255124520965,0
Name_31,0.069,0.236,0.116,0.754,0.333,0.513,0.488,0.173,0.468,0.14,0.69,0.881,-1.4108999461767944,-0.9751961344592164,-1.3949302203514158,0.8711273162800158,-0.6577110595763028,0.04288884894143623,0.05101738429236379,-1.2106159104036702,-0.20486014675646436,-1.2833213200869007,0.5618744500042057,1.2930955992791375,2
Name_32,0.697,0.09,0.257,0.197,0.591,0.929,0.383,0.592,0.096,0.259,0.999,0.053,0.6670851077008297,-1.476293559438325,-0.9169884285227434,-1.0929878827844743,0.25800095130201395,1.4642038899257726,-0.3113364502155863,0.2152533645893076,-1.5787182913746276,-0.8641189312009124,1.6403163419787878,-1.5023208756357782,2
Name_33,0.654,0.569,0.616,0.767,0.721,0.067,0.553,0.452,0.527,0.205,0.144,0.808,0.5248026915913748,0.167717855390394,0.2998988286864293,0.9169684250553092,0.719406228101166,-1.4809248728831164,0.27533166279728555,-0.2611707368403269,0.013036709513620631,-1.0543452253172434,-1.3437219028052496,1.0466397989545133,1
Name_34,0.478,0.574,0.178,0.929,0.97,0.487,0.858,0.218,0.803,0.018,0.378,0.661,-0.05756254643802319,0.18487872610885664,-1.184771418270723,1.488219165178195,1.6031747967395416,-0.04594334112008486,1.3278832773203788,-1.057479592087002,1.0323508168109674,-1.7130918364237964,-0.5270377516011973,0.550352091451503,1
Name_35,0.566,0.667,0.052,0.965,0.738,0.168,0.565,0.599,0.84,0.432,0.947,0.186,0.23362007257667564,0.5040709214722616,-1.61186833862826,1.6151637740943916,0.7797438412210551,-1.135845980721054,0.3167435295981938,0.23907456966078935,1.1689979978616984,-0.2546902481985933,1.4588309750445538,-1.0532986640854354,1
Name_36,0.698,0.793,0.878,0.02,0.774,0.51,0.096,0.273,0.671,0.62,0.999,0.804,0.670394001098724,0.9365248635775197,1.1879892503822602,-1.7171322099557755,0.9075176101808203,0.03263898085741457,-1.301770264537317,-0.870312980811074,0.5448527654948451,0.40757907205826216,1.6403163419787878,1.0331353715394656,1
Name_37,0.316,0.758,0.336,0.235,0.489,0.414,0.189,0.033,0.619,0.145,0.756,0.981,-0.5936032768969007,0.8163987685482813,-0.6492054387747639,-0.9589907955951555,-0.10402472741732056,-0.2953567978312785,-0.9808282968302753,-1.6870400118333047,0.3528080786127361,-1.2657077743353886,0.7922212618822719,1.6307062846553348,1
Name_38,0.925,0.629,0.64,0.825,0.003,0.836,0.053,0.238,0.564,0.435,0.306,0.453,1.421512802420732,0.37364830401194565,0.38125062304024593,1.1214902949758483,-1.8289706083741502,1.146457979321101,-1.4501627872405727,-0.9894190061684828,0.1496838905643516,-0.24412212074768605,-0.7783251827409057,-0.151878134130988,0
Name_39,0.585,0.872,0.826,0.328,0.214,0.928,0.45,0.474,0.634,0.818,0.73,0.044,0.2964890471366675,1.207666620929229,1.0117270292823242,-0.6310505558949802,-1.0800743514155267,1.4607872672310986,-0.08012019391051334,-0.18630409232995584,0.4082055844441137,1.1050754838181418,0.7014785784151549,-1.532705837319636,0
Name_40,0.142,0.805,0.87,0.916,0.784,0.538,0.091,0.042,0.92,0.261,0.646,0.281,-1.16935072813051,0.97771095330183,1.1608719855976546,1.4423780564029016,0.9430103237807551,0.12830441630828343,-1.3190252090376955,-1.6564127481699713,1.4644513622957123,-0.8570735129003075,0.4083099087521619,-0.7325685129780477,1
Name_41,0.997,0.045,0.139,0.797,0.177,0.541,0.157,0.86,0.225,0.636,0.765,0.012,1.6597531270691217,-1.6307413959044885,-1.3169680840956748,1.02275559915214,-1.2113973917352852,0.1385542843923051,-1.091259941632698,1.1272652158974654,-1.1022997412247806,0.46394241846310097,0.8236321907747355,-1.640741256640019,2
Name_42,0.851,0.003,0.057,0.044,0.321,0.001,0.695,0.974,0.273,0.884,0.728,0.118,1.176654690976553,-1.7748927099395744,-1.5949200481378816,-1.6325024706783111,-0.7003023158962246,-1.7064219707315929,0.7653720866080369,1.5152105556330249,-0.9250277225643724,1.3375742877381018,0.6944983719946074,-1.2828739301412497,2
Name_43,0.209,0.887,0.204,0.776,0.799,0.715,0.063,0.502,0.084,0.369,0.408,0.558,-0.9476548704715916,1.2591492330846168,-1.0966403077207552,0.9487045772843584,0.9962493941806574,0.7330466332655609,-1.4156528982398155,-0.09101927204402883,-1.6230362960397293,-0.47662092466764594,-0.42233465529298553,0.20261308551401955,0
Name_44,0.09,0.424,0.271,0.682,0.774,0.961,0.118,0.798,0.2,0.595,0.606,0.017,-1.341413184821014,-0.3299473954450219,-0.8695332151496837,0.6172380984476222,0.9075176101808203,1.5735358161553366,-1.2258485087356512,0.9162773995500559,-1.1946289176104097,0.3195113433007015,0.2687057803412126,-1.6238607223712092,0
Name_45,0.732,0.074,0.428,0.262,0.973,0.31,0.065,0.46,0.026,0.973,0.539,0.849,0.7828963766271306,-1.5312083457374053,-0.33735689375180045,-0.8637823389080078,1.613822610819522,-0.6506855580773624,-1.408750920439664,-0.23394650247291915,-1.8372399852543893,1.6510954021150173,0.03486886525287304,1.1850601799587541,2
Name_46,0.396,0.318,0.206,0.77,0.182,0.165,0.815,0.554,0.177,0.385,0.945,0.427,-0.3288918050653562,-0.6937578546764294,-1.0898609915246038,0.9275471424649923,-1.1936510349353178,-1.1460958488050756,1.1794907546171227,0.08593825134412132,-1.2795717598851888,-0.42025757826280713,1.4518507686240063,-0.23965691232879943,2
Name_47,0.982,0.236,0.127,0.465,0.757,0.32,0.252,0.043,0.373,0.028,0.057,0.574,1.6101197261007072,-0.9751961344592164,-1.3576439812725831,-0.14795579418611995,0.8471799970609312,-0.6165193311306235,-0.7634159961255051,-1.6530097188740454,-0.5557110170218555,-1.677864744920772,-1.647360882099064,0.25663079517421084,2
Name_48,0.509,0.863,0.996,0.89,0.126,0.914,0.137,0.911,0.085,0.301,0.954,0.415,0.04501314889670039,1.1767770536359963,1.5879689059551916,1.350695838852315,-1.3924102310949524,1.4129545495056641,-1.1602797196342125,1.3008197099896894,-1.619343128984304,-0.7161651468882108,1.4832616975164699,-0.28017019457394315,0
Name_49,0.788,0.241,0.822,0.499,0.284,0.043,0.269,0.236,0.776,0.308,0.405,0.548,0.9681944069092119,-0.9580352637407538,0.9981683968900213,-0.028063663543045233,-0.8316253562159833,-1.5629238175552898,-0.7047491848242179,-0.9962250647603347,0.9326353063144878,-0.6915061828360938,-0.43280496492380655,0.16885201697639976,2
Name_50,0.646,1.0,0.641,0.595,0.142,0.903,0.08,0.446,0.481,0.321,0.478,0.153,0.49833154440822036,1.646984911321872,0.3846402811383216,0.31045529356681295,-1.3356218893350569,1.3753716998642513,-1.3569860869385282,-0.28158891261588265,-0.1568489750359373,-0.6457109638821622,-0.17802743057382456,-1.1647101902595804,0
Name_51,0.119,0.524,0.163,0.644,0.442,0.594,0.574,0.575,0.159,0.553,0.935,0.51,-1.2454552762820792,0.013270018924230657,-1.2356162897418583,0.48324101125830327,-0.27084048133701394,0.31963528721002077,0.34780242969887526,0.1574018665585662,-1.3460487668828416,0.17155755898800001,1.4169497365212693,0.04055995653344459,0
Name_52,0.491,0.818,0.221,0.651,0.395,0.494,0.228,0.683,0.636,0.513,0.116,0.744,-0.014546932265397177,1.0223292171698326,-1.0390161200534684,0.5079246852142304,-0.43765623525670727,-0.02202698225736764,-0.8462397297273223,0.5249290305185703,0.415591918554964,0.03064919297590298,-1.4414447926929141,0.8305689603137467,1
Name_53,0.89,0.862,0.568,0.66,0.608,0.145,0.675,0.588,0.73,0.69,0.903,0.256,1.305701533494431,1.1733448794923036,0.137195239978796,0.5396608374432796,0.3183385644219031,-1.2144283026985534,0.6963523086065229,0.20164124740560374,0.7627496217649299,0.6541687125794315,1.30526643379251,-0.8169711843220971,1
Name_54,0.147,0.772,0.206,0.329,0.023,0.639,0.594,0.736,0.978,0.351,0.42,0.342,-1.1528062611410383,0.8644492065599766,-1.0898609915246038,-0.6275243167584191,-1.7579851811742806,0.4733833084703457,0.41682220770038964,0.7052895832026461,1.6786550515103718,-0.5400296893730896,-0.38045341676970074,-0.5266259948985672,0
Name_55,0.947,0.026,0.941,0.452,0.815,0.417,0.233,0.78,0.245,0.449,0.869,0.137,1.4943084571744063,-1.6959527046346463,1.4015377105610285,-0.1937969029614133,1.0530377359405527,-0.2851069297472568,-0.8289847852269437,0.8550228722233886,-1.0284364001162771,-0.19480419264345208,1.186602924643203,-1.2187278999197722,2
Name_56,0.308,0.437,0.37,0.497,0.524,0.736,0.934,0.773,0.045,0.989,0.078,0.436,-0.6200744240800552,-0.285329131577019,-0.5339570634401904,-0.03511614181616728,0.02019977018245122,0.8047957098537125,1.5901584337261334,0.8312016671519068,-1.767069811201311,1.7074587485198562,-1.5740687146833157,-0.2092719506449416,0
Name_57,0.132,0.404,0.928,0.366,0.914,0.987,0.319,0.628,0.377,0.139,0.81,0.099,-1.202439662109453,-0.39859087831887224,1.357472155286045,-0.4970534687056614,1.404415600579907,1.6623680062168575,-0.5321997398204321,0.33776241924264233,-0.5409383488001549,-1.2868440292372032,0.9806868352370534,-1.3470199603627273,0
Name_58,0.894,0.723,0.104,0.259,0.153,0.045,0.823,0.61,0.084,0.998,0.699,0.75,1.3189371070860083,0.6962726735190428,-1.4356061175283241,-0.8743610563176909,-1.2965799043751285,-1.556090572165942,1.2070986658177285,0.27650789191597497,-1.6230362960397293,1.739163130872578,0.5932853788966692,0.8508256014363187,1
Name_59,0.793,0.942,0.786,0.018,0.959,0.769,0.439,0.979,0.588,0.199,0.608,0.884,0.9847388738986834,1.4479188109877055,0.8761407053592968,-1.7241846882288976,1.5641328117796134,0.9175442587779508,-0.11808107181134625,1.5322257021126549,0.23831989989455574,-1.0754814802190578,0.2756859867617601,1.3032239198404234,0
Name_60,0.857,0.378,0.04,0.554,0.541,0.138,0.949,0.481,0.33,0.971,0.647,0.016,1.1965080513639188,-0.48782740605487795,-1.6525442358051683,0.16587948896781124,0.08053738330234038,-1.2383446615612705,1.6419232672272688,-0.1624828872584741,-0.7145172004051378,1.6440499838144125,0.4118000119624356,-1.6272368292249713,2
Name_61,0.835,0.607,0.98,0.891,0.904,0.761,0.969,0.597,0.201,0.589,0.274,0.313,1.123712396610244,0.29814047285071005,1.5337343763859805,1.354222077988876,1.3689228869799723,0.8902112772205597,1.7109430452287833,0.23226851106893742,-1.1909357505549847,0.29837508839888693,-0.8900084854696649,-0.6245330936576646,0
Name_62,0.791,0.842,0.581,0.313,0.136,0.064,0.455,0.702,0.941,0.149,0.319,0.964,0.9781210871028948,1.1047013966184531,0.18126079525378003,-0.6839441429433956,-1.3569175174950177,-1.491174740967138,-0.06286524941013474,0.5895865871411633,1.5420078704596405,-1.2516169377341788,-0.7329538410073472,1.5733124681413813,1
Name_63,0.558,0.619,0.258,0.682,0.787,0.328,0.017,0.895,0.002,0.273,0.374,0.384,0.20714892539352153,0.33932656257502036,-0.9135987704246677,0.6172380984476222,0.9536581378607356,-0.5891863495732325,-1.5743983876432983,1.2463712412548742,-1.9258759945845934,-0.8148010030966785,-0.5409981644422922,-0.3848295070405643,1
Name_64,0.011,0.162,0.818,0.405,0.745,0.327,0.435,0.416,0.62,0.142,0.797,0.43,-1.602815763254664,-1.229177021092463,0.9846097644977185,-0.35953014237978137,0.8045887407410095,-0.5926029722679064,-0.13188502741164912,-0.3836797914936616,0.35650124566816127,-1.276275901786296,0.9353154935034949,-0.2295285917675135,2
Name_65,0.151,0.888,0.739,0.572,0.787,0.993,0.997,0.464,0.175,0.779,0.275,0.392,-1.1395706875494611,1.2625814072283095,0.7168267747497392,0.22935179342590933,0.9536581378607356,1.682867742384901,1.8075707344309033,-0.2203343852892153,-1.286958093996039,0.9676898269563475,-0.8865183822593912,-0.3578206522104685,0
Name_66,0.555,0.35,0.568,0.307,0.098,0.237,0.324,0.179,0.293,0.929,0.562,0.105,0.1972222451998386,-0.5839282820782687,0.137195239978796,-0.7051015777627617,-1.49178982917477,-0.900099014788556,-0.5149447953200535,-1.1901977346281145,-0.8511643814558691,1.496096199501711,0.11514123908916886,-1.3267633192401556,2
Name_67,0.613,0.371,0.852,0.145,0.547,0.318,0.689,0.068,0.936,0.222,0.407,0.178,0.3891380622777082,-0.5118526250607256,1.0998581398322922,-1.2763523178856475,0.10183301146230125,-0.6233525765199713,0.7446661532075826,-1.567933986475896,1.523542035182515,-0.9944591697621021,-0.4258247585032593,-1.0803075189155313,2
Name_68,0.416,0.556,0.568,0.605,0.276,0.981,0.091,0.006,0.942,0.182,0.675,0.749,-0.2627139371074702,0.12309959152239153,0.137195239978796,0.3457176849324232,-0.860019527095931,1.6418682700488143,-1.3190252090376955,-1.7789218028233058,1.5457010375150657,-1.135367535774199,0.5095229018501001,0.8474494945825567,0
Name_69,0.936,0.769,0.793,0.955,0.071,0.678,0.469,0.254,0.533,0.159,0.267,0.241,1.4579106297975692,0.854152684128899,0.8998683120458266,1.5799013827287813,-1.5876201558945937,0.6066315935626273,-0.014551404809074872,-0.9349705374336673,0.035195711846171665,-1.2163898462311546,-0.9144392079415811,-0.8676127871285269,0
Name_70,0.413,0.494,0.7,0.688,0.358,0.091,0.555,0.987,0.789,0.662,0.068,0.423,-0.27264061730115313,-0.08969520538654516,0.5846301089247872,0.6383955332669881,-0.568979275576466,-1.3989259282109434,0.282233640597437,1.5594499364800625,0.980646478035015,0.5555328563709641,-1.6089697467860529,-0.25316133974384736,1
Name_71,0.997,0.456,0.529,0.458,0.255,0.621,0.879,0.889,0.421,0.133,0.562,0.328,1.6597531270691217,-0.220117822846861,0.0049985741538443595,-0.17263946814204714,-0.934554225655794,0.4118840999662157,1.4003540442219689,1.2259530654793183,-0.37843899836144745,-1.3079802841390178,0.11514123908916886,-0.5738914908512349,0
Name_72,0.361,0.726,0.373,0.253,0.189,0.321,0.658,0.445,0.782,0.492,0.133,0.231,-0.444703073991657,0.7065691959501204,-0.5237880891459634,-0.8955184911370571,-1.1688061354153636,-0.6131027084359497,0.6376854973052357,-0.28499194191180865,0.9547943086470388,-0.043327699180447966,-1.3821130381182607,-0.9013738556661466,1
Name_73,0.55,0.918,0.11,0.126,0.577,0.191,0.309,0.975,0.442,0.647,0.327,0.903,0.18067777821036707,1.3655466315390852,-1.41526816893987,-1.343350861480307,0.20831115226210525,-1.0572636587435547,-0.5667096288211894,1.5186135849289508,-0.30088249019751884,0.5026922191164277,-0.7050330153251574,1.367369950061901,1
Name_74,0.329,0.048,0.816,0.725,0.195,0.497,0.792,0.337,0.27,0.336,0.328,0.43,-0.5505876627242747,-1.620444873473411,0.9778304483015672,0.768866381319746,-1.1475105072554026,-0.011777114173345976,1.1001180099153816,-0.6525191058718124,-0.9361072237306479,-0.5928703266276258,-0.7015429121148836,-0.2295285917675135,2
Name_75,0.37,0.343,0.188,0.64,0.743,0.925,0.148,0.217,0.344,0.354,0.802,0.144,-0.4149230334106082,-0.6079535010841162,-1.1508748372899662,0.46913605471205916,0.7974901980210225,1.450537399147077,-1.1223188417333796,-1.0608826213829279,-0.6628128616291855,-0.5294615619221824,0.9527660095548636,-1.1950951519434383,0
Name_76,0.52,0.467,0.346,0.336,0.403,0.789,0.177,0.487,0.127,0.714,0.198,0.319,0.08141097627353779,-0.1823639072662432,-0.6153088577940071,-0.6028406428024919,-0.40926206437675944,0.9858767126714285,-1.022240163631184,-0.1420647114829183,-1.4642301126564472,0.7387137321866898,-1.1552563294504683,-0.6042764525350928,0
Name_77,0.18,0.132,0.065,0.139,0.545,0.754,0.461,0.468,0.911,0.411,0.692,0.83,-1.0436127790105265,-1.3321422454032388,-1.567802783353276,-1.2975097527050137,0.0947344687423143,0.8662949183578424,-0.04215931600968043,-0.20672226810551145,1.4312128587968858,-0.32866714035494426,0.5688546564247531,1.1209141497372765,2
Name_78,0.9,0.746,0.602,0.528,0.959,0.296,0.489,0.001,0.615,0.528,0.711,0.695,1.3387904674733742,0.7752126788239709,0.2524436153133696,0.07419727141722454,1.5641328117796134,-0.6985182758027969,0.05446837319243951,-1.7959369493029356,0.3380354103910354,0.08348983023043936,0.6351666174199541,0.6651397244794098,1
Name_79,0.327,0.983,0.605,0.725,0.386,0.841,0.283,0.747,0.077,0.394,0.065,0.944,-0.5572054495200633,1.588637950879099,0.26261258960759665,0.768866381319746,-0.4695996774966486,1.1635410927944703,-0.6564353402231581,0.7427229054578317,-1.6488884654277056,-0.3885531959100853,-1.619440056416874,1.5057903310661418,0
Name_80,0.205,0.216,0.825,0.774,0.45,0.068,0.205,0.084,0.999,0.954,0.83,0.026,-0.9608904440631688,-1.0438396173330668,1.0083373711842485,0.9416520990112364,-0.24244631045706608,-1.4775082501884425,-0.9256124744290639,-1.5134855177410806,1.7562115596743004,1.5841639282592712,1.0504888994425277,-1.5934757606873515,2
Name_81,0.72,0.049,0.226,0.426,0.361,0.419,0.658,0.744,0.942,0.902,0.711,0.948,0.7431896558523989,-1.6170126993297185,-1.0220678295630898,-0.285479120512,-0.5583314614964856,-0.27827368435790906,0.6376854973052357,0.7325138175700538,1.5457010375150657,1.4009830524435456,0.6351666174199541,1.5192947584811896,2
Name_82,0.465,0.072,0.734,0.309,0.087,0.047,0.534,0.809,0.692,0.802,0.716,0.163,-0.10057816061064903,-1.5380726940247902,0.6998784842593607,-0.6980490994896397,-1.5308318141346982,-1.5492573267765941,0.20976287369584687,0.9537107218052415,0.6224092736587733,1.0487121374133033,0.6526171334713227,-1.1309491217219607,2
Name_83,0.242,0.944,0.573,0.76,0.174,0.656,0.737,0.431,0.465,0.973,0.245,0.367,-0.8384613883410794,1.4547831592750906,0.15414353046917448,0.892284751099382,-1.2220452058152658,0.5314658942798018,0.9103136204112171,-0.33263435205477215,-0.21593964792273987,1.6510954021150173,-0.9912214785676031,-0.44222332355451793,0
Name_84,0.946,0.773,0.839,0.056,0.387,0.502,0.345,0.018,0.264,0.607,0.836,0.907,1.490999563776512,0.8678813807036692,1.0557925845573082,-1.5901876010395788,-0.4660504061366551,0.005305999300023463,-0.44247402841846367,-1.7380854512721942,-0.9582662260631989,0.36178385310433064,1.07142951870417,1.380874377476949,1
Name_85,0.927,0.191,0.435,0.212,0.172,0.919,0.388,0.728,0.251,0.973,0.687,0.525,1.4281305892165206,-1.12964397092538,-0.3136292870652706,-1.040094295736059,-1.2291437485352528,1.4300376629790337,-0.29408150571520775,0.6780653488352384,-1.0062773977837263,1.6510954021150173,0.5514041403733848,0.09120155933987426,0
Name_86,0.961,0.498,0.787,0.457,0.115,0.899,0.214,0.458,0.82,0.83,0.859,0.563,1.5406329647449266,-0.07596650881177505,0.8795303634573725,-0.17616570727860817,-1.4314522160548808,1.361705209085556,-0.8945535743283825,-0.24075256106477108,1.095134656753195,1.1473479936217708,1.1517018925404658,0.21949361978282905,0
Name_87,0.956,0.017,0.607,0.134,0.596,0.791,0.142,0.44,0.401,0.537,0.534,0.467,1.5240884977554552,-1.726842271927879,0.26939190580374806,-1.3151409483878187,0.2757473081019814,0.9927099580607763,-1.1430247751338338,-0.30200708839143847,-0.4523023394699507,0.1151942125831612,0.01741834920150439,-0.1046126381783203,2
Name_88,0.973,0.214,0.722,0.119,0.673,0.584,0.355,0.487,0.716,0.994,0.6,0.229,1.5803396855196583,-1.050703965620452,0.6592025870824524,-1.3680345354362342,0.5490412028214793,0.2854690602632819,-0.4079641394177065,-0.1420647114829183,0.7110452829889774,1.7250722942713683,0.24776516107957025,-0.9081260693736706,2
Name_89,0.14,0.775,0.823,0.408,0.979,0.801,0.235,0.453,0.189,0.064,0.395,0.383,-1.1759685149262986,0.8747457289910542,1.0015580549880971,-0.34895142497009846,1.635118238979483,1.0268761850075152,-0.8220828074267924,-0.2577677075444009,-1.2352537552200866,-1.551047215509885,-0.46770599702654386,-0.3882056138943263,0
Name_90,0.647,0.774,0.521,0.148,0.253,0.339,0.199,0.48,0.871,0.43,0.075,0.324,0.5016404378061147,0.8713135548473617,-0.022118690630761186,-1.2657736004759643,-0.941652768375781,-0.5516034999318197,-0.946318407829518,-0.16588591655440005,1.2834861765798788,-0.26173566649919816,-1.5845390243141368,-0.5873959182662828,1
Name_91,0.152,0.479,0.915,0.774,0.669,0.715,0.241,0.898,0.69,0.206,0.959,0.311,-1.136261794151567,-0.14117781754193306,1.313406600011061,0.9416520990112364,0.5348441173815054,0.7330466332655609,-0.8013768740263381,1.256580329142652,0.615022939547923,-1.0508225161669411,1.5007122135678386,-0.6312853073651885,0
Name_92,0.175,0.711,0.709,0.966,0.98,0.837,0.776,0.91,0.501,0.661,0.624,0.579,-1.060157245999998,0.6550865837947325,0.6151370318074684,1.6186900132309527,1.6386675103394763,1.1498746020157748,1.0449021875141702,1.2974166806937635,-0.08298563392743386,0.5520101472206617,0.3315276381261398,0.2735113294430207,0
Name_93,0.005,0.698,0.162,0.871,0.692,0.458,0.965,0.797,0.928,0.116,0.057,0.061,-1.6226691236420299,0.6104683199267297,-1.239005947839934,1.2836972952576555,0.616477358661355,-0.1450253992656274,1.6971390896284804,0.91287437025413,1.4939966987391136,-1.367866339694159,-1.647360882099064,-1.4753120208056825,1
Name_94,0.837,0.81,0.297,0.921,0.369,0.637,0.871,0.364,0.466,0.58,0.889,0.896,1.1303301834060326,0.9948718240202926,-0.7814021045997159,1.4600092520857069,-0.5299372906165377,0.46655006308099795,1.372746133021363,-0.5606373148818116,-0.21224648086731468,0.2666707060461651,1.2564049888486777,1.3437372020855671,0
Name_95,0.131,0.731,0.928,0.145,0.151,0.974,0.639,0.36,0.529,0.855,0.074,0.165,-1.2057485555073473,0.723730066668583,1.357472155286045,-1.2763523178856475,-1.3036784470951155,1.617951911186097,0.572116708203797,-0.5742494320655154,0.020423043624470977,1.2354157223793314,-1.5880291275244105,-1.1241969080144367,0
Name_96,0.526,0.817,0.946,0.515,0.276,0.274,0.029,0.988,0.279,0.247,0.177,0.343,0.10126433666090365,1.01889704302614,1.4184860010514069,0.028356162641931196,-0.860019527095931,-0.7736839750856223,-1.5329865208423898,1.5628529657759884,-0.9028687202318213,-0.9063914410045415,-1.2285484968662166,-0.5232498880448052,1
Name_97,0.343,0.121,0.794,0.169,0.294,0.364,0.011,0.499,0.314,0.798,0.044,0.647,-0.5042631551537544,-1.3698961609838567,0.9032579701439023,-1.1917225786081829,-0.7961326426160485,-0.4661879325649727,-1.5951043210437528,-0.10122835993180673,-0.7736078732919405,1.0346213008120937,-1.6927322238326226,0.5030865954988353,2
Name_98,0.979,0.082,0.629,0.978,0.932,0.137,0.838,0.498,0.561,0.679,0.644,0.529,1.6001930459070242,-1.503750952587865,0.3439643839614133,1.661004882869685,1.4683024850597897,-1.2417612842559445,1.2588634993188643,-0.1046313892277327,0.1386043893980765,0.6154189119261053,0.4013297023316144,0.10470598675492218,2
Name_99,0.992,0.652,0.897,0.509,0.302,0.037,0.77,0.928,0.541,0.732,0.161,0.084,1.6432086600796503,0.45258830931687377,1.2523927542456983,0.007198727822565035,-0.7677384717361007,-1.583423553723333,1.0241962541137157,1.3586712080204308,0.06474104828957304,0.8021224968921334,-1.2843901482305962,-1.397661563169157,1
Name_100,0.301,0.431,0.739,0.977,0.19,0.949,0.637,0.975,0.234,0.894,0.724,0.574,-0.6432366778653154,-0.3059221764391742,0.7168267747497392,1.657478643733124,-1.16525686405537,1.5325363438192499,0.5652147304036456,1.5186135849289508,-1.069061237725954,1.372801379241126,0.6805379591535126,0.25663079517421084,0
Name_101,0.546,0.971,0.56,0.514,0.514,0.02,0.189,0.011,0.466,0.054,0.419,0.151,0.16744220461878984,1.5474518611547887,0.11007797519419085,0.02482992350537017,-0.015292943417483577,-1.641506139532789,-0.9808282968302753,-1.7619066563436758,-0.21224648086731468,-1.586274307012909,-0.3839435199799745,-1.1714624039671044,1
Name_102,0.237,0.21,0.231,0.855,0.998,0.45,0.914,0.086,0.306,0.51,0.57,0.457,-0.855005855330551,-1.064432662195222,-1.0051195390727115,1.227277469072679,1.702554394819359,-0.17235838082301852,1.521138655724619,-1.506679459149229,-0.8031532097353419,0.0200810655249957,0.14306206477135833,-0.13837370671594007,2
Name_103,0.184,0.555,0.138,0.44,0.478,0.502,0.811,0.415,0.545,0.461,0.31,0.26,-1.0303772054189493,0.119667417378699,-1.3203577421937507,-0.2361117726001456,-0.14306671237724886,0.005305999300023463,1.1656867990168203,-0.38708282078958756,0.07951371651127374,-0.15253168283982296,-0.7643647698998108,-0.8034667569070493,1
Name_104,0.015,0.229,0.377,0.701,0.156,0.325,0.766,0.514,0.68,0.804,0.787,0.46,-1.5895801896630868,-0.9992213534650641,-0.5102294567536606,0.6842366420422814,-1.285932090295148,-0.5994362176572541,1.0103922985134128,-0.05018292049291726,0.5780912689936716,1.055757555713908,0.9004144614007575,-0.12824538615465414,2
Name_105,0.447,0.056,0.23,0.341,0.184,0.925,0.924,0.808,0.467,0.652,0.824,0.002,-0.1601382417727466,-1.5929874803238708,-1.0085091971707871,-0.5852094471196868,-1.186552492215331,1.450537399147077,1.5556485447253763,0.9503076925093156,-0.20855331381188952,0.5203057648679398,1.0295482801808853,-1.674502325177639,2
Name_106,0.754,0.739,0.339,0.928,0.876,0.241,0.48,0.552,0.091,0.445,0.211,0.647,0.8556920313808054,0.7511874598181232,-0.6390364644805367,1.484692926041634,1.269543288900155,-0.8864325240098605,0.02340947309175804,0.07913219275226939,-1.5971841266517535,-0.2088950292446618,-1.10988498771691,0.5030865954988353,1
Name_107,0.645,0.43,0.559,0.988,0.136,0.169,0.054,0.32,0.905,0.115,0.919,0.243,0.49502265101032605,-0.3093543505828667,0.10668831709611516,1.6962672742352953,-1.3569175174950177,-1.13242935802638,-1.446711798340497,-0.7103706039025538,1.4090538564643347,-1.3713890488444613,1.3611080851568897,-0.8608605734210029,1
Name_108,0.003,0.962,0.489,0.504,0.321,0.35,0.198,0.556,0.265,0.574,0.731,0.88,-1.6292869104378185,1.516562293861556,-0.13058774976918336,-0.010432467860240097,-0.7003023158962246,-0.5140206502904071,-0.9497693967295938,0.09274430993597325,-0.9545730590077738,0.24553445114435057,0.7049686816254287,1.2897194924253754,1
Name_109,0.584,0.808,0.703,0.756,0.23,0.424,0.596,0.466,0.374,0.673,0.681,0.11,0.2931801537387732,0.9880074757329076,0.5947990832190142,0.8781797945531379,-1.023286009655631,-0.2611905708845396,0.4237241855005411,-0.21352832669736338,-0.5520178499664303,0.5942826570242907,0.5304635211117424,-1.3098827849713457,1
Name_110,0.552,0.884,0.876,0.577,0.823,0.812,0.425,0.81,0.943,0.107,0.877,0.118,0.18729556500615568,1.2488527106535392,1.1812099341861089,0.24698298910871447,1.0814319068205005,1.064459034648928,-0.1663949164124063,0.9571137511011675,1.5493942045704907,-1.3995707220468807,1.214523750325393,-1.2828739301412497,0
Name_111,0.082,0.536,0.434,0.548,0.883,0.346,0.128,0.685,0.602,0.886,0.015,0.958,-1.3678843320041683,0.05445610864854098,-0.31701894516334633,0.14472205414844508,1.2943881884201092,-0.5276871410691026,-1.1913386197348939,0.5317350891104223,0.29002423867050814,1.3446197060387066,-1.7939452169305605,1.5530558270188093,1
Name_112,0.593,0.499,0.008,0.478,0.197,0.444,0.492,0.219,0.784,0.149,0.984,0.262,0.322960194319822,-0.07253433466808253,-1.7610132949435904,-0.10211468541082679,-1.1404119645354156,-0.19285811699106184,0.06482133989266667,-1.054076562791076,0.9621806427578892,-1.2516169377341788,1.587964793824682,-0.7967145431995253,1
Name_113,0.166,0.416,0.33,0.94,0.586,0.927,0.041,0.461,0.567,0.335,0.81,0.879,-1.0899372865810466,-0.3574047885945621,-0.6695433873632181,1.527007795680366,0.24025459450204656,1.4573706445364247,-1.4915746540414814,-0.2305434731769932,0.16076339173062712,-0.5963930357779282,0.9806868352370534,1.2863433855716135,0
Name_114,0.791,0.576,0.45,0.786,0.608,0.055,0.376,0.682,0.831,0.624,0.825,0.897,0.9781210871028948,0.1917430743962417,-0.26278441559413523,0.9839669686499687,0.3183385644219031,-1.521924345219203,-0.3354933725161164,0.5215260012226444,1.135759494362872,0.42166990865947185,1.033038383391159,1.347113308939329,1
Name_115,0.025,0.805,0.716,0.382,0.53,0.482,0.682,0.907,0.621,0.712,0.974,0.213,-1.5564912556841437,0.97771095330183,0.6388646384939982,-0.440633642520685,0.0414953983424121,-0.0630264545934543,0.7205092309070529,1.2872075928059856,0.36019441272358643,0.731668313886085,1.5530637617219445,-0.9621437790338623,1
Name_116,0.412,0.928,0.577,0.633,0.596,0.753,0.584,0.862,0.685,0.382,0.707,0.875,-0.27594951069904744,1.3998683729760104,0.16770216286147727,0.44445238075613197,0.2757473081019814,0.8628782956631685,0.38231231869963245,1.1340712744893173,0.5965571042707974,-0.4308257057137144,0.6212062045788591,1.2728389581565656,0
Name_117,0.299,0.581,0.081,0.017,0.392,0.243,0.052,0.613,0.429,0.277,0.39,0.342,-0.649854464661104,0.20890394511470434,-1.513568253784065,-1.7277109273654585,-0.4483040493366877,-0.8795992786205128,-1.4536137761406485,0.2867169798037528,-0.34889366191804605,-0.8007101664954688,-0.4851565130779125,-0.5266259948985672,1
Name_118,0.856,0.862,0.149,0.902,0.791,0.836,0.901,0.73,0.081,0.333,0.969,0.555,1.1931991579660246,1.1733448794923036,-1.283071503114918,1.3930107084910472,0.9678552233007095,1.146457979321101,1.4762758000236347,0.6848714074270903,-1.634115797206005,-0.6034384540785331,1.5356132456705758,0.19248476495273362,0
Name_119,0.053,0.329,0.488,0.236,0.088,0.888,0.263,0.206,0.341,0.912,0.589,0.585,-1.4638422405431033,-0.6560039390958116,-0.13397740786725906,-0.9554645564585945,-1.5272825427747048,1.3241223594441431,-0.7254551182246722,-1.0983159436381136,-0.6738923627954608,1.4362101439465698,0.20937402576655922,0.29376797056559256,0
Name_120,0.35,0.044,0.116,0.953,0.757,0.293,0.094,0.999,0.568,0.517,0.637,0.149,-0.4811009013684944,-1.634173570048181,-1.3949302203514158,1.5728489044556593,0.8471799970609312,-0.7087681438868185,-1.3086722423374684,1.6002862880311741,0.1644565587860523,0.044740029577112685,0.3768989798596983,-1.1782146176746284,2
Name_121,0.217,0.419,0.28,0.632,0.587,0.186,0.068,0.815,0.744,0.391,0.089,0.733,-0.9211837232884371,-0.3471082661634845,-0.8390262922670025,0.44092614161957094,0.24380386586204006,-1.0743467722169242,-1.3983979537394369,0.9741288975807969,0.8144539605408823,-0.3991213233609926,-1.5356775793703048,0.793431784922365,1
Name_122,0.394,0.398,0.318,0.848,0.85,0.155,0.938,0.938,0.579,0.148,0.703,0.584,-0.3355095918611448,-0.4191839231810274,-0.7102192845401264,1.202593795116752,1.1772622335403244,-1.1802620757518145,1.6039623893264359,1.3927015009796901,0.2050813963957292,-1.2551396468844813,0.6072457917377642,0.2903918637118306,2
Name_123,0.754,0.804,0.236,0.604,0.477,0.038,0.325,0.929,0.129,0.897,0.587,0.681,0.8556920313808054,0.9742787791581375,-0.988171248582333,0.3421914457958622,-0.14661598373724233,-1.5800069310286593,-0.5114938064199779,1.3620742373163568,-1.4568437785455968,1.3833695066920333,0.20239381934601175,0.6178742285267425,1
Name_124,0.566,0.834,0.265,0.653,0.864,0.841,0.478,0.862,0.102,0.988,0.475,0.28,0.23362007257667564,1.077244003468913,-0.8898711637381379,0.5149771634873525,1.2269520325802332,1.1635410927944703,0.0165074952916066,1.1340712744893173,-1.5565592890420765,1.7039360393695537,-0.18849774020464574,-0.7359446198318097,0
Name_125,0.774,0.425,0.515,0.706,0.636,0.711,0.072,0.161,0.102,0.158,0.582,0.736,0.9218698993386916,-0.3265152213013293,-0.042456639219215345,0.7018678377250865,0.41771816250172056,0.7193801424868653,-1.384593998139134,-1.2514522619547817,-1.5565592890420765,-1.2199125553814572,0.1849433032946431,0.803560105483651,0
Name_126,0.132,0.725,0.411,0.86,0.809,0.199,0.877,0.149,0.627,0.892,0.744,0.931,-1.202439662109453,0.7031370218064279,-0.3949810814190873,1.2449086647554843,1.0317421077805922,-1.0299306771861636,1.3934520664218173,-1.2922886135058933,0.38235341505613746,1.3657559609405212,0.7503400233589872,1.4619009419672364,1
Name_127,0.09,0.483,0.89,0.884,0.855,0.922,0.698,0.502,0.292,0.966,0.236,0.492,-1.341413184821014,-0.12744912096716296,1.2286651475591686,1.3295384040329488,1.1950085903402918,1.4402875310630552,0.775725053308264,-0.09101927204402883,-0.8548575485112944,1.6264364380629004,-1.0226324074600668,-0.020209966834271023,0
Name_128,0.015,0.548,0.134,0.498,0.314,0.591,0.885,0.721,0.667,0.472,0.53,0.538,-1.5895801896630868,0.0956421983728513,-1.3339163745860534,-0.031589902679606256,-0.7251472154161789,0.3093854191259991,1.421059977622423,0.6542441437637566,0.5300800972731444,-0.11378188218649649,0.0034579363604094644,0.13509094843877997,0
Name_129,0.86,0.717,0.379,0.82,0.478,0.873,0.04,0.811,0.073,0.019,0.311,0.587,1.2064347315576018,0.6756796286568877,-0.5034501405575093,1.1038590992930433,-0.14306671237724886,1.2728730190240347,-1.495025642941557,0.9605167803970934,-1.6636611336494063,-1.7095691272734939,-0.7608746666895371,0.30052018427311655,0
Name_130,0.887,0.873,0.634,0.17,0.793,0.659,0.573,0.509,0.884,0.632,0.66,0.477,1.295774853300748,1.2110987950729215,0.36091267445179176,-1.1881963394716217,0.9749537660206965,0.5417157623638235,0.34435144079879954,-0.06719806697254709,1.331497348300406,0.4498515818618913,0.4571713536959941,-0.0708515696407007,0
Name_131,0.393,0.626,0.48,0.105,0.627,0.798,0.932,0.342,0.266,0.584,0.621,0.835,-0.3388184852590391,0.36335178158086806,-0.1610946726518646,-1.4174018833480886,0.3857747202617792,1.0166263169234935,1.5832564559259819,-0.6355039593921826,-0.9508798919523486,0.28076154264737485,0.3210573284953186,1.1377946840060864,0
Name_132,0.462,0.704,0.923,0.695,0.863,0.985,0.192,0.274,0.101,0.228,0.274,0.564,-0.11050484080433196,0.6310613647888847,1.3405238647956663,0.6630792072229152,1.2234027612202396,1.6555347608275097,-0.9704753301300482,-0.866909951515148,-1.5602524560975017,-0.9733229148602877,-0.8900084854696649,0.22286972663659105,0
Name_133,0.678,0.043,0.697,0.188,0.099,0.394,0.905,0.783,0.507,0.756,0.673,0.401,0.6042161331408382,-1.6376057441918737,0.57446113463056,-1.1247240350135235,-1.4882405578147766,-0.363689251724756,1.4900797556239376,0.8652319601111664,-0.06082663159488282,0.8866675164993917,0.5025426954295527,-0.3274356905266107,2
Name_134,0.24,0.017,0.087,0.114,0.15,0.299,0.852,0.282,0.337,0.985,0.08,0.506,-0.845079175136868,-1.726842271927879,-1.4932303051956108,-1.3856657311190392,-1.307227718455109,-0.6882684077187752,1.3071773439199244,-0.8396857171477404,-0.6886650310171616,1.6933679119186464,-1.5670885082627681,0.027055529118396673,2
Name_135,0.579,0.045,0.192,0.676,0.643,0.238,0.561,0.448,0.749,0.339,0.08,0.77,0.27663568674930167,-1.6307413959044885,-1.1373162048976633,0.5960806636282561,0.4425630620216749,-0.8966823920938822,0.3029395739978913,-0.27478285402403074,0.8329197958180081,-0.5823021991767185,-1.5670885082627681,0.9183477385115582,2
Name_136,0.913,0.337,0.249,0.707,0.834,0.956,0.968,0.792,0.565,0.399,0.776,0.004,1.3818060816460003,-0.6285465459462714,-0.944105693307349,0.7053940768616476,1.1204738917804287,1.556452702681967,1.7074920563287075,0.8958592237745001,0.15337705761977677,-0.37093965015857316,0.8620233260877466,-1.667750111470115,0
Name_137,0.461,0.653,0.639,0.261,0.264,0.214,0.466,0.601,0.766,0.444,0.389,0.775,-0.11381373420222626,0.4560204834605663,0.37786096494217025,-0.8673085780445688,-0.9026107834158528,-0.9786813367660555,-0.02490437150930184,0.2458806282526413,0.895703635760236,-0.21241773839496422,-0.48864661628818623,0.9352282727803681,1
Name_138,0.967,0.996,0.926,0.85,0.486,0.137,0.531,0.943,0.719,0.928,0.991,0.183,1.5604863251322925,1.633256214747102,1.3506928390898933,1.209646273389874,-0.11467254149730101,-1.2417612842559445,0.19940990699561972,1.4097166474593201,0.7221247841552529,1.4925734903514085,1.612395516296598,-1.0634269846467215,1
Name_139,0.095,0.712,0.58,0.953,0.269,0.117,0.093,0.25,0.418,0.468,0.119,0.817,-1.3248687178315426,0.658518757938425,0.17787113715570435,1.5728489044556593,-0.8848644266158854,-1.3100937381494222,-1.3121232312375442,-0.9485826546173711,-0.389518499527723,-0.127872718787706,-1.430974483062093,1.0770247606383707,1
Name_140,0.017,0.125,0.447,0.505,0.435,0.634,0.516,0.704,0.739,0.72,0.108,0.307,-1.5829624028672982,-1.3561674644090866,-0.2729533898883623,-0.006906228723679071,-0.29568538085696827,0.45630019499697627,0.14764507349448394,0.5963926457330152,0.7959881252637564,0.7598499870885044,-1.4693656183751038,-0.6447897347802365,2
Name_141,0.899,0.996,0.012,0.22,0.478,0.26,0.97,0.321,0.51,0.193,0.304,0.953,1.33548157407548,1.633256214747102,-1.7474546625512875,-1.0118843826435708,-0.14306671237724886,-0.8215166928110567,1.7143940341288588,-0.7069675746066278,-0.0497471304286073,-1.0966177351208724,-0.7853053891614532,1.5361752927499994,1
Name_142,0.652,0.603,0.689,0.377,0.048,0.413,0.91,0.573,0.743,0.129,0.606,0.984,0.5181849047955862,0.28441177627593994,0.5473438698459545,-0.4582648382034901,-1.6692533971744437,-0.29877342052595235,1.507334700124316,0.15059580796671426,0.810760793485457,-1.3220711207402274,0.2687057803412126,1.6408346052166207,1
Name_143,0.058,0.336,0.987,0.063,0.669,0.366,0.096,0.827,0.951,0.373,0.992,0.768,-1.4472977735536319,-0.6319787200899639,1.5574619830725103,-1.5655039270836515,0.5348441173815054,-0.4593546871756249,-1.301770264537317,1.0149652491319086,1.5789395410138922,-0.46253008806643625,1.6158856195068716,0.9115955248040343,2
Name_144,0.263,0.397,0.304,0.562,0.504,0.61,0.25,0.876,0.407,0.098,0.043,0.186,-0.768974626985299,-0.4226160973247199,-0.7576744979131861,0.19408940206029945,-0.05078565701741838,0.374301250324803,-0.7703179739256566,1.1817136846322809,-0.4301433371373999,-1.4312751043996026,-1.6962223270428962,-1.0532986640854354,0
Name_145,0.83,0.429,0.755,0.293,0.671,0.135,0.108,0.437,0.241,0.889,0.011,0.911,1.1071679296207726,-0.3127865247265592,0.7710613043189503,-0.7544689256746161,0.5419426601014924,-1.2485945296452923,-1.2603583977364083,-0.31221617627921633,-1.043209068337978,1.355187833489614,-1.8079056297716554,1.3943788048919967,1
Name_146,0.518,0.914,0.517,0.024,0.386,0.461,0.812,0.608,0.707,0.603,0.488,0.225,0.07479318947774917,1.3518179349643151,-0.03567732302306396,-1.7030272534095314,-0.4695996774966486,-0.13477553118160576,1.169137787916896,0.269701833324123,0.6778067794901509,0.3476930165031209,-0.14312639847108724,-0.9216304967887184,1
Name_147,0.052,0.455,0.397,0.171,0.383,0.076,0.514,0.857,0.606,0.569,0.751,0.896,-1.4671511339409977,-0.22354999699055353,-0.4424362947921468,-1.1846701003350608,-0.48024749157662905,-1.4501752686310514,0.1407430956943325,1.1170561280096873,0.30479690689220884,0.22792090539283844,0.7747707458309032,1.3437372020855671,1
Name_148,0.35,0.929,0.356,0.304,0.944,0.17,0.803,0.36,0.821,0.283,0.352,0.15,-0.4811009013684944,1.403300547119703,-0.5814122768132503,-0.7156802951724448,1.5108937413797112,-1.129012735331706,1.1380788878162145,-0.5742494320655154,1.0988278238086202,-0.7795739115936544,-0.6177804350683143,-1.1748385108208665,1
Name_149,0.192,0.41,0.447,0.894,0.907,0.629,0.346,0.083,0.873,0.869,0.573,0.873,-1.0039060582357946,-0.3779978334567172,-0.2729533898883623,1.364800795398559,1.3795707010599527,0.43921708152360683,-0.43902303951838795,-1.5168885470370066,1.290872510690729,1.2847336504835654,0.1535323744021795,1.2660867444490416,0
Name_150,0.984,0.966,0.828,0.459,0.442,0.412,0.779,0.736,0.221,0.924,0.454,0.864,1.6167375128964958,1.5302909904363262,1.0185063454784755,-0.16911322900548612,-0.27084048133701394,-0.30219004322062626,1.0552551542143973,0.7052895832026461,-1.1170724094464815,1.478482653750199,-0.2617899076203939,1.2357017827651837,1
Name_151,0.117,0.816,0.248,0.969,0.878,0.623,0.617,0.168,0.649,0.771,0.53,0.455,-1.2520730630778678,1.0154648688824475,-0.9474953514054247,1.6292687306406357,1.2766418316201418,0.41871734535556354,0.4961949524021312,-1.2276310568832998,0.4636030902754913,0.939508153753928,0.0034579363604094644,-0.14512592042346403,0
Name_152,0.514,0.141,0.599,0.106,0.379,0.124,0.388,0.007,0.109,0.042,0.614,0.623,0.06155761588617193,-1.301252678110006,0.2422746410191425,-1.4138756442115274,-0.49444457701660294,-1.286177379286705,-0.29408150571520775,-1.7755187735273799,-1.5307071196541002,-1.6285468168165382,0.29662660602340246,0.4220600310085478,2
Name_153,0.44,0.741,0.004,0.755,0.845,0.389,0.415,0.269,0.969,0.14,0.189,0.645,-0.18330049555800676,0.7580518081055083,-1.774571927335893,0.8746535554165769,1.159515876740357,-0.3807723651981255,-0.20090480541316352,-0.8839250979947778,1.6454165480115452,-1.2833213200869007,-1.1866672583429319,0.4963343817913113,1
Name_154,0.163,0.892,0.926,0.599,0.25,0.327,0.526,0.862,0.845,0.976,0.732,0.711,-1.0998639667747294,1.2763101038030795,1.3506928390898933,0.32456025011305706,-0.9523005824557614,-0.5926029722679064,0.18215496249524113,1.1340712744893173,1.1874638331388243,1.6616635295659246,0.7084587848357023,0.7191574341396015,1
Name_155,0.735,0.819,0.249,0.131,0.617,0.385,0.159,0.989,0.092,0.239,0.759,0.616,0.7928230568208136,1.025761391313525,-0.944105693307349,-1.325719665797502,0.35028200666184445,-0.39443885597682105,-1.0843579638325467,1.5662559950719144,-1.5934909595963282,-0.934573114206961,0.8026915715130931,0.3984272830322139,1
Name_156,0.73,0.134,0.144,0.271,0.762,0.434,0.256,0.801,0.545,0.69,0.443,0.157,0.776278589831342,-1.3252778971158539,-1.3000197936052964,-0.8320461866789586,0.8649263538608987,-0.22702434393780072,-0.7496120405252023,0.9264864874378338,0.07951371651127374,0.6541687125794315,-0.300181042933405,-1.1512057628445327,2
Name_157,0.88,0.582,0.959,0.996,0.393,0.6,0.447,0.368,0.783,0.81,0.22,0.962,1.272612599515488,0.21233611925839685,1.462551556326391,1.7244771873277835,-0.4447547779766942,0.3401350233780641,-0.0904731606107405,-0.5470251976981078,0.958487475702464,1.0768938106157226,-1.0784740588244464,1.5665602544338573,0
Name_158,0.226,0.48,0.869,0.176,0.28,0.748,0.299,0.309,0.126,0.571,0.729,0.938,-0.8914036827073883,-0.13774564339824055,1.157482327499579,-1.1670389046522558,-0.8458224416559571,0.8457951821897991,-0.6012195178219465,-0.7478039261577394,-1.4679232797118724,0.23496632369344328,0.6979884752048812,1.4855336899435698,0
Name_159,0.054,0.186,0.976,0.663,0.4,0.989,0.243,0.304,0.161,0.122,0.471,0.886,-1.460533347145209,-1.1468048416438426,1.5201757439936778,0.5502395548529627,-0.4199098784567399,1.6692012516062054,-0.7944748962261866,-0.7648190726373693,-1.3386624327719914,-1.3467300847923445,-0.20245815304574066,1.3099761335479474,0
Name_160,0.442,0.451,0.706,0.294,0.193,0.79,0.532,0.825,0.797,0.444,0.414,0.471,-0.17668270876221814,-0.23727869356532363,0.6049680575132413,-0.7509426865380551,-1.1546090499753896,0.9892933353661024,0.20286089589569545,1.0081591905400566,1.0101918144784163,-0.21241773839496422,-0.40139403603134316,-0.09110821076327257,0
Name_161,0.217,0.176,0.938,0.584,0.379,0.08,0.32,0.302,0.717,0.644,0.684,0.337,-0.9211837232884371,-1.1811265830807678,1.3913687362668015,0.27166666306464166,-0.49444457701660294,-1.436508777852356,-0.5287487509203564,-0.7716251312292212,0.7147384500444026,0.4921240916655204,0.5409338307425636,-0.5435065291673771,2
Name_162,0.875,0.414,0.573,0.819,0.999,0.638,0.397,0.473,0.831,0.476,0.123,0.023,1.2560681325260163,-0.3642691368819471,0.15414353046917448,1.1003328601564821,1.7061036661793525,0.46996668577567186,-0.2630226056145263,-0.1897071216258818,1.135759494362872,-0.09969104558528678,-1.417014070220998,-1.6036040812486374,0
Name_163,0.877,0.823,0.725,0.372,0.92,0.699,0.91,0.675,0.563,0.348,0.868,0.829,1.262685919321805,1.0394900878882951,0.6693715613766795,-0.47589603388629526,1.425711228739868,0.6783806701507786,1.507334700124316,0.49770479615116264,0.14599072350892645,-0.5505978168239969,1.1831128214329294,1.1175380428835147,0
Name_164,0.652,0.892,0.978,0.576,0.371,0.545,0.695,0.319,0.3,0.981,0.811,0.349,0.5181849047955862,1.2763101038030795,1.5269550601898292,0.24345674997215344,-0.5228387478965508,0.15222077517100063,0.7653720866080369,-0.7137736331984798,-0.825312212067893,1.6792770753174369,0.9841769384473271,-0.5029932469222336,1
Name_165,0.368,0.499,0.283,0.251,0.577,0.928,0.062,0.801,0.947,0.723,0.714,0.712,-0.4215408202063968,-0.07253433466808253,-0.8288573179727756,-0.9025709694101791,0.20831115226210525,1.4607872672310986,-1.419103887139891,0.9264864874378338,1.5641668727921916,0.7704181145394117,0.6456369270507752,0.7225335409933634,0
Name_166,0.136,0.582,0.837,0.557,0.758,0.563,0.629,0.583,0.564,0.909,0.34,0.005,-1.1892040885178758,0.21233611925839685,1.0490132683611568,0.17645820637749432,0.8507292684209247,0.21371998367513026,0.5376068192030398,0.18462610092597392,0.1496838905643516,1.4256420164956625,-0.6596616735915989,-1.6643740046163529,0
Name_167,0.41,0.005,0.966,0.735,0.748,0.26,0.924,0.985,0.534,0.388,0.033,0.777,-0.28256729749483606,-1.7680283616521895,1.4862791630129208,0.8041287726853563,0.8152365548209899,-0.8215166928110567,1.5556485447253763,1.5526438778882106,0.03888887890159684,-0.4096894508118999,-1.7311233591456334,0.941980486487892,2
Name_168,0.337,0.477,0.37,0.554,0.934,0.273,0.631,0.908,0.817,0.368,0.861,0.748,-0.5241165155411203,-0.14804216582931812,-0.5339570634401904,0.16587948896781124,1.4754010277797767,-0.777100597780296,0.5445087970031912,1.2906106221019116,1.0840551555869193,-0.4801436338179484,1.1586820989610134,0.8440733877287947,1
Name_169,0.973,0.348,0.057,0.035,0.478,0.219,0.201,0.012,0.876,0.971,0.9,0.907,1.5803396855196583,-0.5907926303656538,-1.5949200481378816,-1.66423862290736,-0.14306671237724886,-0.9615982232926861,-0.9394164300293666,-1.7585036270477499,1.3019520118570047,1.6440499838144125,1.2947961241616888,1.380874377476949,2
Name_170,0.016,0.56,0.012,0.655,0.847,0.88,0.851,0.275,0.234,0.065,0.8,0.166,-1.5862712962651926,0.13682828809716163,-1.7474546625512875,0.5220296417604745,1.166614419460344,1.2967893778867519,1.3037263550198488,-0.8635069222192221,-1.069061237725954,-1.5475245063595824,0.945785803134316,-1.1208208011606748,0
Name_171,0.795,0.49,0.52,0.258,0.163,0.328,0.256,0.19,0.413,0.355,0.123,0.568,0.991356660694472,-0.10342390196131526,-0.02550834872883688,-0.8778872954542519,-1.2610871907751937,-0.5891863495732325,-0.7496120405252023,-1.1527644123729288,-0.40798433480484886,-0.5259388527718799,-1.417014070220998,0.23637415405163895,1
Name_172,0.962,0.24,0.461,0.587,0.452,0.875,0.651,0.068,0.783,0.381,0.702,0.117,1.543941858142821,-0.9614674378844463,-0.2254981765153026,0.28224538047432474,-0.23534776773707913,1.2797062644133825,0.6135285750047056,-1.567933986475896,0.958487475702464,-0.4343484148640169,0.6037556885274904,-1.2862500369950118,0
Name_173,0.999,0.478,0.996,0.036,0.636,0.584,0.567,0.023,0.184,0.389,0.922,0.605,1.6663709138649103,-0.1446099916856256,1.5879689059551916,-1.6607123837707993,0.41771816250172056,0.2854690602632819,0.32364550739834524,-1.7210703047925644,-1.2537195904972125,-0.40616674166159744,1.371578394787711,0.36129010764083214,0
Name_174,0.775,0.136,0.226,0.345,0.428,0.412,0.644,0.757,0.927,0.155,0.487,0.655,0.9251787927365859,-1.3184135488284687,-1.0220678295630898,-0.5711044905734429,-0.32053028037692266,-0.30219004322062626,0.5893716527041756,0.7767531984170913,1.4903035316836883,-1.2304806828323642,-0.14661650168136098,0.530095450328931,2
Name_175,0.419,0.864,0.697,0.539,0.126,0.042,0.737,0.711,0.144,0.493,0.054,0.896,-0.25278725691378723,1.1802092277796887,0.57446113463056,0.11298590191939584,-1.3924102310949524,-1.5663404402499637,0.9103136204112171,0.620213850804497,-1.4014462727142192,-0.039804990030145544,-1.6578311917298851,1.3437372020855671,1
Name_176,0.378,0.075,0.019,0.603,0.882,0.421,0.904,0.12,0.913,0.048,0.791,0.487,-0.38845188622745375,-1.5277761715937128,-1.7237270558647577,0.33866520665930117,1.2908389170601158,-0.2714404389685613,1.4866287667238618,-1.3909764630877461,1.438599192907736,-1.6074105619147236,0.9143748742418525,-0.03709050110308092,2
Name_177,0.693,0.646,0.882,0.535,0.326,0.695,0.374,0.319,0.883,0.203,0.288,0.483,0.6538495341092525,0.4319952644547186,1.201547882774563,0.09888094537315173,-0.6825559590962572,0.6647141793720831,-0.3423953503162678,-0.7137736331984798,1.3278041812449808,-1.0613906436178482,-0.8411470405258329,-0.05059492851812883,0
Name_178,0.325,0.886,0.862,0.415,0.099,0.927,0.715,0.53,0.3,0.185,0.343,0.456,-0.563823236315852,1.2557170589409243,1.1337547208130492,-0.32426775101417127,-1.4882405578147766,1.4573706445364247,0.8343918646095513,0.004265548241898169,-0.825312212067893,-1.1247994083232917,-0.6491913639607777,-0.14174981356970207,0
Name_179,0.581,0.635,0.807,0.415,0.4,0.187,0.117,0.118,0.533,0.912,0.736,0.123,0.2832534735450903,0.3942413488741008,0.9473235254188863,-0.32426775101417127,-0.4199098784567399,-1.0709301495222503,-1.2292994976357268,-1.397782521679598,0.035195711846171665,1.4362101439465698,0.7224191976767973,-1.2659933958724399,1
Name_180,0.13,0.639,0.695,0.379,0.746,0.961,0.055,0.541,0.668,0.102,0.168,0.151,-1.2090574489052417,0.4079700454488709,0.5676818184344087,-0.45121235993036807,0.8081380121010029,1.5735358161553366,-1.4432608094404213,0.04169887049708378,0.5337732643285695,-1.417184267798393,-1.2599594257586801,-1.1714624039671044,0
Name_181,0.39,0.899,0.101,0.371,0.109,0.087,0.417,0.243,0.832,0.587,0.57,0.831,-0.34874516545272205,1.3003353228089272,-1.4457750918225512,-0.4794222730228563,-1.4527478442148416,-1.4125924189896388,-0.19400282761301207,-0.9724038596888529,1.139452661418297,0.2913296700982821,0.14306206477135833,1.1242902565910384,1
Name_182,0.125,0.588,0.475,0.751,0.942,0.547,0.039,0.052,0.269,0.615,0.643,0.481,-1.2256019158947131,0.232929164120552,-0.17804296314224308,0.8605485988703327,1.5037951986597242,0.15905402056034842,-1.4984766318416327,-1.6223824552107116,-0.939800390786073,0.38996552630675,0.3978395991213407,-0.057347142225652785,0
Name_183,0.364,0.795,0.765,0.738,0.071,0.719,0.57,0.858,0.268,0.111,0.74,0.064,-0.43477639379797406,0.9433892118649048,0.8049578852997072,0.8147074900950394,-1.5876201558945937,0.7467131240442564,0.33399847409857236,1.1204591573056135,-0.9434935578414982,-1.3854798854456711,0.7363796105178922,-1.4651837002443964,0
Name_184,0.774,0.973,0.983,0.872,0.651,0.527,0.667,0.969,0.815,0.67,0.525,0.942,0.9218698993386916,1.5543162094421739,1.5439033506802076,1.2872235343942167,0.4709572329016228,0.09072156666687066,0.6687443974059172,1.498195409153395,1.0766688214760691,0.5837145295733834,-0.01399257969095919,1.4990381173586178,1
Name_185,0.358,0.753,0.27,0.255,0.198,0.229,0.474,0.976,0.625,0.856,0.521,0.165,-0.4546297541853399,0.7992378978298186,-0.8729228732477594,-0.888466012863935,-1.1368626931754222,-0.9274319963459472,0.002703539691303725,1.5220166142248768,0.37496708094528713,1.238938431529634,-0.027952992532054115,-1.1241969080144367,1
Name_186,0.154,0.954,0.583,0.413,0.412,0.997,0.369,0.865,0.544,0.674,0.909,0.855,-1.1296440073557783,1.4891049007120158,0.1880401114499314,-0.3313202292872933,-0.3773186221368183,1.6965342331635964,-0.3596502948166464,1.1442803623770952,0.07582054945584857,0.5978053661745931,1.3262070530541523,1.205316821081326,0
Name_187,0.071,0.445,0.282,0.047,0.493,0.491,0.03,0.402,0.064,0.904,0.129,0.372,-1.4042821593810058,-0.2578717384274788,-0.8322469760708513,-1.621923753268628,-0.08982764197734665,-0.0322768503413893,-1.529535531942314,-0.43132220163662494,-1.6968996371482328,1.4080284707441504,-1.3960734509593555,-0.42534278928570807,2
Name_188,0.72,0.264,0.96,0.355,0.556,0.474,0.262,0.572,0.781,0.828,0.727,0.133,0.7431896558523989,-0.8790952584358257,1.4659412144244666,-0.5358420992078327,0.13377645370224256,-0.09035943615084539,-0.728906107124748,0.1471927786707883,0.9511011415916136,1.140302575321166,0.6910082687843337,-1.2322323273348201,2
Name_189,0.507,0.928,0.064,0.58,0.097,0.726,0.245,0.799,0.625,0.293,0.95,0.333,0.03839536210091177,1.3998683729760104,-1.5711924414513516,0.25756170651839755,-1.4953391005347634,0.7706294829069736,-0.7875729184260352,0.9196804288459819,0.37496708094528713,-0.7443468200906301,1.469301284675375,-0.557010956582425,0
Name_190,0.621,0.694,0.119,0.524,0.438,0.496,0.763,0.069,0.73,0.563,0.776,0.267,0.41560920946086266,0.5967396233519595,-1.3847612460571888,0.060092314870980434,-0.2850375667769878,-0.015193736868019864,1.0000393318131857,-1.5645309571799701,0.7627496217649299,0.20678465049102387,0.8620233260877466,-0.7798340089307154,1
Name_191,0.762,0.441,0.887,0.972,0.835,0.729,0.262,0.186,0.486,0.413,0.846,0.303,0.8821631785639599,-0.2716004350022489,1.2184961732649413,1.639847448050319,1.1240231631404223,0.7808793509909953,-0.728906107124748,-1.1663765295566326,-0.13838313975881145,-0.3216217220543394,1.1063305508069072,-0.6582941621952844,0
Name_192,0.444,0.509,0.159,0.234,0.854,0.155,0.28,0.899,0.653,0.238,0.656,0.367,-0.17006492196642953,-0.03821259323115725,-1.249174922134161,-0.9625170347317166,1.1914593189802984,-1.1802620757518145,-0.666788306923385,1.259983358438578,0.47837575849719194,-0.9380958233572634,0.4432109408548992,-0.44222332355451793,1
Name_193,0.683,0.221,0.832,0.153,0.56,0.846,0.138,0.462,0.082,0.189,0.374,0.254,0.6207606001303099,-1.0266787466146043,1.0320649778707782,-1.2481424047931593,0.1479735391422165,1.1806242062678398,-1.1568287307341367,-0.22714044388106724,-1.6304226301505798,-1.1107085717220821,-0.5409981644422922,-0.8237233980296211,0
Name_194,0.706,0.768,0.827,0.188,0.055,0.595,0.833,0.066,0.229,0.114,0.49,0.558,0.6968651482818785,0.8507205099852065,1.0151166873803998,-1.1247240350135235,-1.6444084976544895,0.3230519099046947,1.2416085548184856,-1.574740045067748,-1.08752707300308,-1.3749117579947638,-0.13614619205053977,0.20261308551401955,0
Name_195,0.695,0.79,0.128,0.746,0.131,0.231,0.193,0.001,0.668,0.43,0.365,0.68,0.6604673209050411,0.9262283411464421,-1.3542543231745074,0.8429174031875276,-1.374663874294985,-0.9205987509565994,-0.9670243412299724,-1.7959369493029356,0.5337732643285695,-0.26173566649919816,-0.5724090933347558,0.6144981216729806,1
Name_196,0.341,0.566,0.595,0.773,0.938,0.389,0.471,0.349,0.521,0.12,0.168,0.127,-0.510880941949543,0.15742133295931643,0.22871600862683975,0.9381258598746753,1.4895981132197502,-0.3807723651981255,-0.007649427008923433,-0.6116827543207011,-0.009122292818930405,-1.3537755030929493,-1.2599594257586801,-1.252488968457392,1
Name_197,0.026,0.784,0.33,0.759,0.201,0.491,0.807,0.207,0.461,0.391,0.68,0.547,-1.5531823622862495,0.905635296284287,-0.6695433873632181,0.888758511962821,-1.1262148790954418,-0.0322768503413893,1.1518828434165174,-1.0949129143421876,-0.23071231614444054,-0.3991213233609926,0.5269734179014688,0.1654759101226378,1
Name_198,0.948,0.525,0.899,0.164,0.079,0.083,0.512,0.427,0.441,0.967,0.384,0.103,1.4976173505723007,0.016702193067923185,1.2591720704418496,-1.209353774290988,-1.559225985014646,-1.4262589097683342,0.13384111789418104,-0.346246469238476,-0.304575657252944,1.629959147213203,-0.5060971323395549,-1.3335155329476795,1
Name_199,0.577,0.724,0.983,0.273,0.52,0.435,0.264,0.911,0.819,0.555,0.538,0.144,0.27001789995351305,0.6997048476627353,1.5439033506802076,-0.8249937084058365,0.006002684742477301,-0.22360772124312683,-0.7220041293245966,1.3008197099896894,1.0914414896977698,0.17860297728860486,0.03137876204259931,-1.1950951519434383,1
Name_200,0.105,0.714,0.645,0.498,0.355,0.174,0.637,0.133,0.277,0.329,0.513,0.567,-1.2917797838525995,0.6653831062258101,0.3981989135306244,-0.031589902679606256,-0.5796270896564465,-1.115346244553011,0.5652147304036456,-1.3467370822407085,-0.9102550543426717,-0.6175292906797428,-0.05587381821424396,0.23299804719787698,1
Name_201,0.415,0.433,0.679,0.047,0.458,0.008,0.566,0.192,0.39,0.206,0.079,0.675,-0.2660228305053645,-0.2990578281517891,0.513447288865198,-1.621923753268628,-0.21405213957711824,-1.6825056118688757,0.3201945184982695,-1.145958353781077,-0.4929271770796276,-1.0508225161669411,-1.570578611473042,0.5976175874041706,1
Name_202,0.034,0.69,0.261,0.993,0.583,0.798,0.035,0.53,0.955,0.212,0.391,0.072,-1.526711215103095,0.5830109267771894,-0.9034297961304407,1.7138984699181004,0.22960678042206614,1.0166263169234935,-1.5122805874419354,0.004265548241898169,1.5937122092355929,-1.0296862612651265,-0.48166640986763876,-1.4381748454143006,0
Name_203,0.371,0.412,0.868,0.003,0.922,0.766,0.755,0.078,0.695,0.766,0.35,0.988,-0.4116141400127139,-0.3711334851693322,1.1540926694015032,-1.7770782752773129,1.4328097714598549,0.9072943906939291,0.97243142061258,-1.5339036935166366,0.6334887748250488,0.921894608002416,-0.6247606414888618,1.6543390326316687,0
Name_204,0.034,0.795,0.906,0.318,0.813,0.921,0.249,0.359,0.762,0.419,0.744,0.838,-1.526711215103095,0.9433892118649048,1.2828996771283796,-0.6663129472605904,1.0459391932205657,1.4368709083683813,-0.7737689628257323,-0.5776524613614414,0.8809309675385354,-0.3004854671525249,0.7503400233589872,1.1479230045673723,0
Name_205,0.705,0.177,0.168,0.166,0.313,0.564,0.474,0.56,0.987,0.339,0.41,0.153,0.6935562548839842,-1.1776944089370753,-1.2186679992514797,-1.2023012960178658,-0.7286964867761724,0.21713660636980414,0.002703539691303725,0.1063564271196771,1.7118935550091983,-0.5823021991767185,-0.41535444887243805,-1.1647101902595804,2
Name_206,0.367,0.737,0.953,0.338,0.294,0.29,0.591,0.188,0.402,0.263,0.914,0.892,-0.42484971360429113,0.7443231115307382,1.4422136077379368,-0.5957881645293699,-0.7961326426160485,-0.7190180119708403,0.40646924100016246,-1.1595704709647807,-0.4486091724145255,-0.8500280945997027,1.343657569105521,1.3302327746705191,1
Name_207,0.07,0.066,0.234,0.163,0.666,0.625,0.357,0.514,0.519,0.23,0.951,0.18,-1.4075910527789,-1.5586657388869454,-0.9949505647784844,-1.212880013427549,0.524196303301525,0.4255505907449113,-0.40106216161755504,-0.05018292049291726,-0.01650862692978075,-0.9662774965596828,1.4727913878856487,-1.0735553052080073,2
Name_208,0.376,0.002,0.667,0.125,0.701,0.423,0.149,0.066,0.157,0.652,0.444,0.387,-0.39506967302324236,-1.778324884083267,0.47277139168828963,-1.346877100616868,0.6484208009012964,-0.2646071935792135,-1.1188678528333038,-1.574740045067748,-1.353435100993692,0.5203057648679398,-0.2966909397231312,-0.37470118647927836,2
Name_209,0.701,0.721,0.776,0.614,0.112,0.82,0.985,0.942,0.572,0.697,0.955,0.219,0.680320681292407,0.6894083252316577,0.8422441243785398,0.37745383716147246,-1.4421000301348612,1.0917920162063186,1.7661588676299946,1.406313618163394,0.17922922700775298,0.6788276766315485,1.4867518007267437,-0.9418871379112903,0
Name_210,0.432,0.114,0.536,0.303,0.439,0.284,0.224,0.921,0.363,0.336,0.013,0.273,-0.20977164274116122,-1.3939213799897043,0.02872618084037421,-0.7192065343090058,-0.2814882954169944,-0.7395177481388835,-0.8600436853276252,1.3348500029489492,-0.5926426875761073,-0.5928703266276258,-1.800925423351108,-0.7595773678081436,2
Name_211,0.428,0.745,0.885,0.466,0.047,0.583,0.94,0.493,0.35,0.511,0.139,0.476,-0.22300721633273848,0.7717805046802784,1.21171685706879,-0.14442955504955893,-1.6728026685344373,0.282052437568608,1.6108643671265872,-0.12164653570736252,-0.6406538592966345,0.023603774675298127,-1.3611724188566183,-0.07422767649446267,0
Name_212,0.559,0.379,0.918,0.215,0.047,0.458,0.13,0.468,0.598,0.228,0.344,0.624,0.21045781879141584,-0.4843952319111854,1.323575574305288,-1.029515578326376,-1.6728026685344373,-0.1450253992656274,-1.1844366419347425,-0.20672226810551145,0.2752515704488075,-0.9733229148602877,-0.6457012607505042,0.4254361378623097,2
Name_213,0.795,0.879,0.841,0.22,0.848,0.63,0.008,0.394,0.47,0.691,0.277,0.959,0.991356660694472,1.2316918399350767,1.0625719007534595,-1.0118843826435708,1.1701636908203374,0.44263370421828074,-1.6054572877439799,-0.4585464360040326,-0.1974738126456142,0.657691421729734,-0.8795381758388437,1.5564319338725714,0
Name_214,0.016,0.81,0.634,0.748,0.323,0.029,0.107,0.888,0.429,0.567,0.22,0.095,-1.5862712962651926,0.9948718240202926,0.36091267445179176,0.8499698814606497,-0.6932037731762376,-1.610756535280724,-1.2638093866364841,1.2225500361833923,-0.34889366191804605,0.2208754870922336,-1.0784740588244464,-1.3605243877777753,1
Name_215,0.928,0.94,0.451,0.106,0.408,0.695,0.468,0.513,0.606,0.461,0.27,0.493,1.4314394826144148,1.4410544627003203,-0.2593947574960595,-1.4138756442115274,-0.3915157075767922,0.6647141793720831,-0.0180023937091504,-0.05358594978884323,0.30479690689220884,-0.15253168283982296,-0.9039688983107599,-0.016833859980509045,0
Name_216,0.283,0.475,0.341,0.658,0.217,0.834,0.39,0.62,0.676,0.066,0.84,0.865,-0.7027967590274129,-0.15490651411670317,-0.6322571482843854,0.5326083591701576,-1.0694265373355463,1.1396247339317531,-0.2871795279150563,0.3105381848752346,0.5633186007719709,-1.54400179720928,1.0853899315452649,1.2390778896189458,0
Name_217,0.937,0.01,0.06,0.935,0.883,0.852,0.961,0.527,0.301,0.593,0.099,0.841,1.4612195231954637,-1.7508674909337267,-1.5847510738436545,1.5093765999975612,1.2943881884201092,1.201123942435883,1.6833351340281775,-0.005943539645879724,-0.8216190450124677,0.3124659250000967,-1.5007765472675674,1.1580513251286584,2
